[{"model": "contenttypes.contenttype", "pk": 12, "fields": {"app_label": "admin", "model": "logentry"}}, {"model": "contenttypes.contenttype", "pk": 13, "fields": {"app_label": "auth", "model": "permission"}}, {"model": "contenttypes.contenttype", "pk": 14, "fields": {"app_label": "auth", "model": "group"}}, {"model": "contenttypes.contenttype", "pk": 15, "fields": {"app_label": "auth", "model": "user"}}, {"model": "contenttypes.contenttype", "pk": 16, "fields": {"app_label": "contenttypes", "model": "contenttype"}}, {"model": "contenttypes.contenttype", "pk": 17, "fields": {"app_label": "sessions", "model": "session"}}, {"model": "contenttypes.contenttype", "pk": 19, "fields": {"app_label": "auth_app", "model": "profile"}}, {"model": "contenttypes.contenttype", "pk": 20, "fields": {"app_label": "writers_block", "model": "block"}}, {"model": "contenttypes.contenttype", "pk": 21, "fields": {"app_label": "writers_block", "model": "comment"}}, {"model": "contenttypes.contenttype", "pk": 22, "fields": {"app_label": "series", "model": "series"}}, {"model": "contenttypes.contenttype", "pk": 23, "fields": {"app_label": "portfolio", "model": "piece"}}, {"model": "contenttypes.contenttype", "pk": 24, "fields": {"app_label": "social_django", "model": "nonce"}}, {"model": "contenttypes.contenttype", "pk": 25, "fields": {"app_label": "social_django", "model": "code"}}, {"model": "contenttypes.contenttype", "pk": 26, "fields": {"app_label": "social_django", "model": "usersocialauth"}}, {"model": "contenttypes.contenttype", "pk": 27, "fields": {"app_label": "social_django", "model": "association"}}, {"model": "contenttypes.contenttype", "pk": 28, "fields": {"app_label": "social_django", "model": "partial"}}, {"model": "contenttypes.contenttype", "pk": 29, "fields": {"app_label": "portfolio", "model": "pcomment"}}, {"model": "contenttypes.contenttype", "pk": 30, "fields": {"app_label": "notifications", "model": "notification"}}, {"model": "sessions.session", "pk": "4yvs1ouhbdozi5yrr7p1u1f5qajf6s3r", "fields": {"session_data": "NmRiNGZjMDVlMzQ1NmE3ZmE0ZDIwMjYyYWI2NTIxMDU2ZjAwN2QxOTp7Il9hdXRoX3VzZXJfaWQiOiIzMCIsIl9hdXRoX3VzZXJfaGFzaCI6ImE4YmU5MjkyMmY4MzAzNWIwM2I1OGMwMjlhNjg5NTViOGM2ZDIwYTUiLCJfYXV0aF91c2VyX2JhY2tlbmQiOiJkamFuZ28uY29udHJpYi5hdXRoLmJhY2tlbmRzLk1vZGVsQmFja2VuZCJ9", "expire_date": "2017-08-06T08:11:10.012Z"}}, {"model": "sessions.session", "pk": "57kghu5oow070981mf962sw95d4upqs7", "fields": {"session_data": "M2U4ZGRiYmRhYzNlNGE2N2MwNWExMmVlYzU2N2E0MjIwMzMyMTQxMjp7Il9hdXRoX3VzZXJfaWQiOiIzMiIsIl9hdXRoX3VzZXJfYmFja2VuZCI6ImRqYW5nby5jb250cmliLmF1dGguYmFja2VuZHMuTW9kZWxCYWNrZW5kIiwiX2F1dGhfdXNlcl9oYXNoIjoiYjVjOTk2NWNmODU5MTU4MmRhNTlmODljNDUyMWM3YzUxYTI4MTIzNyJ9", "expire_date": "2017-08-08T16:08:44.305Z"}}, {"model": "sessions.session", "pk": "9k7tt8phoxrav72v97d8c44zyzx2txqs", "fields": {"session_data": "MjExMDYwNjAwNTlkY2M1YTYzNDkwYmYyYjI0MGY1ZThiNmQxMWFkNTp7Il9hdXRoX3VzZXJfaWQiOiI0MiIsIl9hdXRoX3VzZXJfYmFja2VuZCI6ImRqYW5nby5jb250cmliLmF1dGguYmFja2VuZHMuTW9kZWxCYWNrZW5kIiwiX2F1dGhfdXNlcl9oYXNoIjoiZjk1MzUwZTI0YzA4NjVhNDdiZGQ4OTdmMjhlMGUxZTY2MTczY2VjMyJ9", "expire_date": "2017-08-14T06:40:03.930Z"}}, {"model": "sessions.session", "pk": "dpov60002hax31pvn7uf203x9njfed03", "fields": {"session_data": "ODVkZGIyMDc2NDI0Njc1Y2IxMDc4ODQ4Zjg2MjAyYzliNmE4YmU3Yzp7Il9hdXRoX3VzZXJfYmFja2VuZCI6ImRqYW5nby5jb250cmliLmF1dGguYmFja2VuZHMuTW9kZWxCYWNrZW5kIiwiX2F1dGhfdXNlcl9pZCI6IjQyIiwicGllY2VfY29udGVudCI6IjxwPmh1ZSwgSGV4LCBSZ2IsIEhzbC4gMCwgI2ZmMDAwMCwgcmdiKDI1NSwgMCwgMCksIGhzbCgwLCAxMDAlLCA1MCUpLiAxNSwgI2ZmNDAwMCwgcmdiICgyNTUsIDY0LCAwKSwgaHNsKDE1LCAxMDAlLCA1MCUpLiAzMCwgI2ZmODAwMCwgcmdiKDI1NSwgMTI4LCAwKSwgaHNsKDMwLCAxMDAlLCZuYnNwOy4uLjwvcD4iLCJfYXV0aF91c2VyX2hhc2giOiJmOTUzNTBlMjRjMDg2NWE0N2JkZDg5N2YyOGUwZTFlNjYxNzNjZWMzIn0=", "expire_date": "2017-08-23T15:24:04.721Z"}}, {"model": "sessions.session", "pk": "mcp5mslxi4zqh8pfjxuvd8cbjititpcg", "fields": {"session_data": "ODQ1ZTU3YWU1ZDYzYWIzNmJkYjUwNTdiNWZhYjIzZWRkYTAzMWM4Njp7Il9hdXRoX3VzZXJfaGFzaCI6ImY5NTM1MGUyNGMwODY1YTQ3YmRkODk3ZjI4ZTBlMWU2NjE3M2NlYzMiLCJfYXV0aF91c2VyX2lkIjoiNDIiLCJfYXV0aF91c2VyX2JhY2tlbmQiOiJkamFuZ28uY29udHJpYi5hdXRoLmJhY2tlbmRzLk1vZGVsQmFja2VuZCJ9", "expire_date": "2017-08-21T18:16:04.188Z"}}, {"model": "sessions.session", "pk": "mp1c8uozhm8183gh146cvi0hid5f1u68", "fields": {"session_data": "MTNkMjdjNTYwZTY4Y2NmZGQ3MjE0MDRhNDJjOTA1MjViYTdjMTdmOTp7Il9hdXRoX3VzZXJfaGFzaCI6ImJhMDhkNmEyODUwYjJlOTg2ZjQ0NjJkZTU1ZTUzYTNhN2M4ZmY0NTAiLCJfYXV0aF91c2VyX2lkIjoiMTQiLCJfYXV0aF91c2VyX2JhY2tlbmQiOiJkamFuZ28uY29udHJpYi5hdXRoLmJhY2tlbmRzLk1vZGVsQmFja2VuZCJ9", "expire_date": "2017-08-08T18:03:37.495Z"}}, {"model": "sessions.session", "pk": "qaptp2s40rr894dv5mwxwxq7icvctyfj", "fields": {"session_data": "NDFjZWRlMWYxMGQ0Yjg5ZTc3MTFlYzViODhlNmIyNmNkNWRkOTYwNzp7fQ==", "expire_date": "2017-08-03T15:35:47.254Z"}}, {"model": "sessions.session", "pk": "uhtane6qxz7gdi983zhpbyuoqgu0rdeg", "fields": {"session_data": "NDFjZWRlMWYxMGQ0Yjg5ZTc3MTFlYzViODhlNmIyNmNkNWRkOTYwNzp7fQ==", "expire_date": "2017-08-03T15:36:37.184Z"}}, {"model": "sessions.session", "pk": "wiekpy7ej54cajb0tyahadejnrpaah28", "fields": {"session_data": "MWJmNDkyNzJjNTE5YTgzNGMzMWQzMmNmZjFjNjFmZTlhNWM4YTI0ZTp7Il9hdXRoX3VzZXJfaWQiOiI1IiwiX2F1dGhfdXNlcl9iYWNrZW5kIjoiZGphbmdvLmNvbnRyaWIuYXV0aC5iYWNrZW5kcy5Nb2RlbEJhY2tlbmQiLCJfYXV0aF91c2VyX2hhc2giOiJlZGQwYjY0MDFiZTFkMjdmZTI0OGY2ZjM5NDAwODRkYmMwODliYjU4In0=", "expire_date": "2017-08-02T11:49:28.244Z"}}, {"model": "sessions.session", "pk": "x4illveh43d3wji309c1q3hdee6t6s6o", "fields": {"session_data": "NjhkNDk3NTkxMDg0MDJjMjQxOWM0YjU5NjQ2ZTY5N2VmODdjZjBlMzp7Il9hdXRoX3VzZXJfYmFja2VuZCI6ImRqYW5nby5jb250cmliLmF1dGguYmFja2VuZHMuTW9kZWxCYWNrZW5kIiwiX2F1dGhfdXNlcl9pZCI6IjQyIiwiX2F1dGhfdXNlcl9oYXNoIjoiZjk1MzUwZTI0YzA4NjVhNDdiZGQ4OTdmMjhlMGUxZTY2MTczY2VjMyJ9", "expire_date": "2017-08-14T05:41:09.954Z"}}, {"model": "sessions.session", "pk": "y2jskz3w94rs3ur730bj4odqisy5l5wo", "fields": {"session_data": "NjhkNDk3NTkxMDg0MDJjMjQxOWM0YjU5NjQ2ZTY5N2VmODdjZjBlMzp7Il9hdXRoX3VzZXJfYmFja2VuZCI6ImRqYW5nby5jb250cmliLmF1dGguYmFja2VuZHMuTW9kZWxCYWNrZW5kIiwiX2F1dGhfdXNlcl9pZCI6IjQyIiwiX2F1dGhfdXNlcl9oYXNoIjoiZjk1MzUwZTI0YzA4NjVhNDdiZGQ4OTdmMjhlMGUxZTY2MTczY2VjMyJ9", "expire_date": "2017-08-14T05:20:38.162Z"}}, {"model": "auth.permission", "pk": 34, "fields": {"name": "Can add log entry", "content_type": 12, "codename": "add_logentry"}}, {"model": "auth.permission", "pk": 35, "fields": {"name": "Can change log entry", "content_type": 12, "codename": "change_logentry"}}, {"model": "auth.permission", "pk": 36, "fields": {"name": "Can delete log entry", "content_type": 12, "codename": "delete_logentry"}}, {"model": "auth.permission", "pk": 37, "fields": {"name": "Can add permission", "content_type": 13, "codename": "add_permission"}}, {"model": "auth.permission", "pk": 38, "fields": {"name": "Can change permission", "content_type": 13, "codename": "change_permission"}}, {"model": "auth.permission", "pk": 39, "fields": {"name": "Can delete permission", "content_type": 13, "codename": "delete_permission"}}, {"model": "auth.permission", "pk": 40, "fields": {"name": "Can add group", "content_type": 14, "codename": "add_group"}}, {"model": "auth.permission", "pk": 41, "fields": {"name": "Can change group", "content_type": 14, "codename": "change_group"}}, {"model": "auth.permission", "pk": 42, "fields": {"name": "Can delete group", "content_type": 14, "codename": "delete_group"}}, {"model": "auth.permission", "pk": 43, "fields": {"name": "Can add user", "content_type": 15, "codename": "add_user"}}, {"model": "auth.permission", "pk": 44, "fields": {"name": "Can change user", "content_type": 15, "codename": "change_user"}}, {"model": "auth.permission", "pk": 45, "fields": {"name": "Can delete user", "content_type": 15, "codename": "delete_user"}}, {"model": "auth.permission", "pk": 46, "fields": {"name": "Can add content type", "content_type": 16, "codename": "add_contenttype"}}, {"model": "auth.permission", "pk": 47, "fields": {"name": "Can change content type", "content_type": 16, "codename": "change_contenttype"}}, {"model": "auth.permission", "pk": 48, "fields": {"name": "Can delete content type", "content_type": 16, "codename": "delete_contenttype"}}, {"model": "auth.permission", "pk": 49, "fields": {"name": "Can add session", "content_type": 17, "codename": "add_session"}}, {"model": "auth.permission", "pk": 50, "fields": {"name": "Can change session", "content_type": 17, "codename": "change_session"}}, {"model": "auth.permission", "pk": 51, "fields": {"name": "Can delete session", "content_type": 17, "codename": "delete_session"}}, {"model": "auth.permission", "pk": 55, "fields": {"name": "Can add profile", "content_type": 19, "codename": "add_profile"}}, {"model": "auth.permission", "pk": 56, "fields": {"name": "Can change profile", "content_type": 19, "codename": "change_profile"}}, {"model": "auth.permission", "pk": 57, "fields": {"name": "Can delete profile", "content_type": 19, "codename": "delete_profile"}}, {"model": "auth.permission", "pk": 58, "fields": {"name": "Can add block", "content_type": 20, "codename": "add_block"}}, {"model": "auth.permission", "pk": 59, "fields": {"name": "Can change block", "content_type": 20, "codename": "change_block"}}, {"model": "auth.permission", "pk": 60, "fields": {"name": "Can delete block", "content_type": 20, "codename": "delete_block"}}, {"model": "auth.permission", "pk": 61, "fields": {"name": "Can add comment", "content_type": 21, "codename": "add_comment"}}, {"model": "auth.permission", "pk": 62, "fields": {"name": "Can change comment", "content_type": 21, "codename": "change_comment"}}, {"model": "auth.permission", "pk": 63, "fields": {"name": "Can delete comment", "content_type": 21, "codename": "delete_comment"}}, {"model": "auth.permission", "pk": 64, "fields": {"name": "Can add series", "content_type": 22, "codename": "add_series"}}, {"model": "auth.permission", "pk": 65, "fields": {"name": "Can change series", "content_type": 22, "codename": "change_series"}}, {"model": "auth.permission", "pk": 66, "fields": {"name": "Can delete series", "content_type": 22, "codename": "delete_series"}}, {"model": "auth.permission", "pk": 67, "fields": {"name": "Can add piece", "content_type": 23, "codename": "add_piece"}}, {"model": "auth.permission", "pk": 68, "fields": {"name": "Can change piece", "content_type": 23, "codename": "change_piece"}}, {"model": "auth.permission", "pk": 69, "fields": {"name": "Can delete piece", "content_type": 23, "codename": "delete_piece"}}, {"model": "auth.permission", "pk": 70, "fields": {"name": "Can add nonce", "content_type": 24, "codename": "add_nonce"}}, {"model": "auth.permission", "pk": 71, "fields": {"name": "Can change nonce", "content_type": 24, "codename": "change_nonce"}}, {"model": "auth.permission", "pk": 72, "fields": {"name": "Can delete nonce", "content_type": 24, "codename": "delete_nonce"}}, {"model": "auth.permission", "pk": 73, "fields": {"name": "Can add code", "content_type": 25, "codename": "add_code"}}, {"model": "auth.permission", "pk": 74, "fields": {"name": "Can change code", "content_type": 25, "codename": "change_code"}}, {"model": "auth.permission", "pk": 75, "fields": {"name": "Can delete code", "content_type": 25, "codename": "delete_code"}}, {"model": "auth.permission", "pk": 76, "fields": {"name": "Can add user social auth", "content_type": 26, "codename": "add_usersocialauth"}}, {"model": "auth.permission", "pk": 77, "fields": {"name": "Can change user social auth", "content_type": 26, "codename": "change_usersocialauth"}}, {"model": "auth.permission", "pk": 78, "fields": {"name": "Can delete user social auth", "content_type": 26, "codename": "delete_usersocialauth"}}, {"model": "auth.permission", "pk": 79, "fields": {"name": "Can add association", "content_type": 27, "codename": "add_association"}}, {"model": "auth.permission", "pk": 80, "fields": {"name": "Can change association", "content_type": 27, "codename": "change_association"}}, {"model": "auth.permission", "pk": 81, "fields": {"name": "Can delete association", "content_type": 27, "codename": "delete_association"}}, {"model": "auth.permission", "pk": 82, "fields": {"name": "Can add partial", "content_type": 28, "codename": "add_partial"}}, {"model": "auth.permission", "pk": 83, "fields": {"name": "Can change partial", "content_type": 28, "codename": "change_partial"}}, {"model": "auth.permission", "pk": 84, "fields": {"name": "Can delete partial", "content_type": 28, "codename": "delete_partial"}}, {"model": "auth.permission", "pk": 85, "fields": {"name": "Can add pcomment", "content_type": 29, "codename": "add_pcomment"}}, {"model": "auth.permission", "pk": 86, "fields": {"name": "Can change pcomment", "content_type": 29, "codename": "change_pcomment"}}, {"model": "auth.permission", "pk": 87, "fields": {"name": "Can delete pcomment", "content_type": 29, "codename": "delete_pcomment"}}, {"model": "auth.permission", "pk": 88, "fields": {"name": "Can add notification", "content_type": 30, "codename": "add_notification"}}, {"model": "auth.permission", "pk": 89, "fields": {"name": "Can change notification", "content_type": 30, "codename": "change_notification"}}, {"model": "auth.permission", "pk": 90, "fields": {"name": "Can delete notification", "content_type": 30, "codename": "delete_notification"}}, {"model": "auth.user", "pk": 42, "fields": {"password": "pbkdf2_sha256$30000$CnVrQxc0MWgQ$23yFFl/Fuhh4egUwD6KVsGGpHmllQHjhXJpxw2wDKJk=", "last_login": "2017-08-09T12:21:10.905Z", "is_superuser": true, "username": "vaish", "first_name": "", "last_name": "", "email": "mesd@fd.com", "is_staff": true, "is_active": true, "date_joined": "2017-07-28T17:14:04.469Z", "groups": [], "user_permissions": []}}, {"model": "auth.user", "pk": 43, "fields": {"password": "pbkdf2_sha256$30000$XRHypr6MQNun$dZ4RKOq/AZTJEEdDDSJaqjwqON3X+bjJrS8nl2bRuFA=", "last_login": "2017-08-06T11:27:40.314Z", "is_superuser": false, "username": "locke", "first_name": "", "last_name": "", "email": "sd@sdf.com", "is_staff": false, "is_active": true, "date_joined": "2017-07-28T17:18:48.237Z", "groups": [], "user_permissions": []}}, {"model": "auth.user", "pk": 44, "fields": {"password": "pbkdf2_sha256$30000$HsdblCyAcXED$fEszam4Xk3ztYNGR8PvTvhZfP2PjEdaWkBLavjX1ZCs=", "last_login": "2017-08-09T02:50:49.851Z", "is_superuser": false, "username": "don", "first_name": "", "last_name": "", "email": "sdfs@sdfs.com", "is_staff": false, "is_active": true, "date_joined": "2017-07-29T12:17:26.263Z", "groups": [], "user_permissions": []}}, {"model": "auth.user", "pk": 45, "fields": {"password": "pbkdf2_sha256$30000$7yRxpG3ScoEf$EsvJLfZQvDd2GRGU7y8tH+vKQkSGvkoH25H1irgtcbU=", "last_login": "2017-08-09T06:03:50.770Z", "is_superuser": false, "username": "donny", "first_name": "", "last_name": "", "email": "sdfsd@sdf.com", "is_staff": false, "is_active": true, "date_joined": "2017-07-29T17:19:22.232Z", "groups": [], "user_permissions": []}}, {"model": "auth.user", "pk": 46, "fields": {"password": "pbkdf2_sha256$30000$2kijk197O4BS$ihKFP4c1iyH0E4fgOEUlAFsKn1YufYQE5q8TBvP535o=", "last_login": "2017-08-03T16:42:02.077Z", "is_superuser": false, "username": "donman", "first_name": "", "last_name": "", "email": "sf@sdf.com", "is_staff": false, "is_active": true, "date_joined": "2017-08-03T16:42:01.581Z", "groups": [], "user_permissions": []}}, {"model": "auth.user", "pk": 47, "fields": {"password": "!WR4a5kld8nDiAcWMVqsMggoHspzLyyQbG2lsaN9B", "last_login": "2017-08-08T13:09:52.038Z", "is_superuser": false, "username": "DreamyVaish", "first_name": "Vaishnav", "last_name": "MK", "email": "", "is_staff": false, "is_active": true, "date_joined": "2017-08-03T16:54:20.390Z", "groups": [], "user_permissions": []}}, {"model": "auth.user", "pk": 48, "fields": {"password": "pbkdf2_sha256$30000$ghjRwwbuTVLb$CcMJYVQ56v8YGMgf5WU7w528QzGAqWxGhS0bybUZJ1E=", "last_login": "2017-08-09T04:14:01.224Z", "is_superuser": false, "username": "golden", "first_name": "", "last_name": "", "email": "sdf@sdsdf.com", "is_staff": false, "is_active": true, "date_joined": "2017-08-09T04:14:00.762Z", "groups": [], "user_permissions": []}}, {"model": "auth.user", "pk": 49, "fields": {"password": "pbkdf2_sha256$30000$kpAexN78tXu8$XYY8Qtw6vNVqf4sIro7qkeFxrgjx1CaR1FAFVDZ6frg=", "last_login": "2017-08-09T12:20:59.282Z", "is_superuser": false, "username": "matissa", "first_name": "", "last_name": "", "email": "sdf@m.com", "is_staff": false, "is_active": true, "date_joined": "2017-08-09T04:30:04.311Z", "groups": [], "user_permissions": []}}, {"model": "writers_block.block", "pk": 230, "fields": {"author": 42, "content": "klmkjnjn", "posted_on": "2017-08-07T06:27:07.977Z", "image": "", "likes": []}}, {"model": "writers_block.block", "pk": 232, "fields": {"author": 42, "content": "There is a man in the jungle... about a mile south of us by the outer wall. He sent me back here to give you a message. He wants you to know that Jacob is dead. And because he's gone, none of you have to stay here anymore. You're free. The man that I met is leaving the island forever. And those of you who want to go with him, should leave the temple and join him. You have until sundown to decide.", "posted_on": "2017-08-07T07:50:30.345Z", "image": "", "likes": [42]}}, {"model": "writers_block.block", "pk": 233, "fields": {"author": 42, "content": "There is a man in the jungle... about a mile south of us by the outer wall. He sent me back here to give you a message. He wants you to know that Jacob is dead. And because he's gone, none of you have to stay here anymore. You're free. The man that I met is leaving the island forever. And those of you who want to go with him, should leave the temple and join him. You have until sundown to decide.", "posted_on": "2017-08-07T07:50:33.641Z", "image": "", "likes": []}}, {"model": "writers_block.block", "pk": 235, "fields": {"author": 42, "content": "jango Endless Pagination - Read the Docs\r\nhttps://django-endless-pagination.readthedocs.io/\r\nThis application provides Twitter- and Digg-style pagination, with multiple and ... for this app is hosted at https://github.com/frankban/django-endless-pagination.", "posted_on": "2017-08-07T11:21:49.957Z", "image": "", "likes": []}}, {"model": "writers_block.block", "pk": 236, "fields": {"author": 42, "content": "jango Endless Pagination - Read the Docs\r\nhttps://django-endless-pagination.readthedocs.io/\r\nThis application provides Twitter- and Digg-style pagination, with multiple and ... for this app is hosted at https://github.com/frankban/django-endless-pagination.", "posted_on": "2017-08-07T11:21:53.667Z", "image": "", "likes": [42]}}, {"model": "writers_block.block", "pk": 237, "fields": {"author": 42, "content": "jango Endless Pagination - Read the Docs\r\nhttps://django-endless-pagination.readthedocs.io/\r\nThis application provides Twitter- and Digg-style pagination, with multiple and ... for this app is hosted at https://github.com/frankban/django-endless-pagination.", "posted_on": "2017-08-07T11:21:56.573Z", "image": "", "likes": [42]}}, {"model": "writers_block.block", "pk": 238, "fields": {"author": 42, "content": "jango Endless Pagination - Read the Docs\r\nhttps://django-endless-pagination.readthedocs.io/\r\nThis application provides Twitter- and Digg-style pagination, with multiple and ... for this app is hosted at https://github.com/frankban/django-endless-pagination.", "posted_on": "2017-08-07T11:21:59.100Z", "image": "", "likes": [42]}}, {"model": "writers_block.block", "pk": 239, "fields": {"author": 42, "content": "jango Endless Pagination - Read the Docs\r\nhttps://django-endless-pagination.readthedocs.io/\r\nThis application provides Twitter- and Digg-style pagination, with multiple and ... for this app is hosted at https://github.com/frankban/django-endless-pagination.", "posted_on": "2017-08-07T11:22:01.893Z", "image": "", "likes": [42]}}, {"model": "writers_block.block", "pk": 240, "fields": {"author": 42, "content": "jango Endless Pagination - Read the Docs\r\nhttps://django-endless-pagination.readthedocs.io/\r\nThis application provides Twitter- and Digg-style pagination, with multiple and ... for this app is hosted at https://github.com/frankban/django-endless-pagination.", "posted_on": "2017-08-07T11:22:04.669Z", "image": "", "likes": [42]}}, {"model": "writers_block.block", "pk": 241, "fields": {"author": 42, "content": "jango Endless Pagination - Read the Docs\r\nhttps://django-endless-pagination.readthedocs.io/\r\nThis application provides Twitter- and Digg-style pagination, with multiple and ... for this app is hosted at https://github.com/frankban/django-endless-pagination.", "posted_on": "2017-08-07T11:22:07.738Z", "image": "", "likes": []}}, {"model": "writers_block.block", "pk": 242, "fields": {"author": 42, "content": "jango Endless Pagination - Read the Docs\r\nhttps://django-endless-pagination.readthedocs.io/\r\nThis application provides Twitter- and Digg-style pagination, with multiple and ... for this app is hosted at https://github.com/frankban/django-endless-pagination.", "posted_on": "2017-08-07T11:22:10.839Z", "image": "", "likes": []}}, {"model": "writers_block.block", "pk": 248, "fields": {"author": 42, "content": "lol <b> os what</b>", "posted_on": "2017-08-07T11:37:12.415Z", "image": "", "likes": [42]}}, {"model": "writers_block.block", "pk": 251, "fields": {"author": 42, "content": "Getting started \u2014 Django Endless Pagination 2.0 documentation\r\ndjango-endless-pagination.readthedocs.io/en/latest/start.html\r\nThe endless_pagination package, included in the distribution, should be ...\r\nTwitter-style Pagination \u2014 Django Endless Pagination 2.0 ...\r\ndjango-endless-pagination.readthedocs.io/en/latest/twitter_pagination.html", "posted_on": "2017-08-07T11:58:33.311Z", "image": "", "likes": []}}, {"model": "writers_block.block", "pk": 252, "fields": {"author": 42, "content": "Getting started \u2014 Django Endless Pagination 2.0 documentation\r\ndjango-endless-pagination.readthedocs.io/en/latest/start.html\r\nThe endless_pagination package, included in the distribution, should be ...\r\nTwitter-style Pagination \u2014 Django Endless Pagination 2.0 ...\r\ndjango-endless-pagination.readthedocs.io/en/latest/twitter_pagination.html", "posted_on": "2017-08-07T11:58:36.731Z", "image": "", "likes": []}}, {"model": "writers_block.block", "pk": 253, "fields": {"author": 42, "content": "Getting started \u2014 Django Endless Pagination 2.0 documentation\r\ndjango-endless-pagination.readthedocs.io/en/latest/start.html\r\nThe endless_pagination package, included in the distribution, should be ...\r\nTwitter-style Pagination \u2014 Django Endless Pagination 2.0 ...\r\ndjango-endless-pagination.readthedocs.io/en/latest/twitter_pagination.html", "posted_on": "2017-08-07T11:58:39.868Z", "image": "", "likes": []}}, {"model": "writers_block.block", "pk": 254, "fields": {"author": 42, "content": "Getting started \u2014 Django Endless Pagination 2.0 documentation\r\ndjango-endless-pagination.readthedocs.io/en/latest/start.html\r\nThe endless_pagination package, included in the distribution, should be ...\r\nTwitter-style Pagination \u2014 Django Endless Pagination 2.0 ...\r\ndjango-endless-pagination.readthedocs.io/en/latest/twitter_pagination.html", "posted_on": "2017-08-07T11:58:42.522Z", "image": "", "likes": []}}, {"model": "writers_block.block", "pk": 256, "fields": {"author": 42, "content": "Getting started \u2014 Django Endless Pagination 2.0 documentation\r\ndjango-endless-pagination.readthedocs.io/en/latest/start.html\r\nThe endless_pagination package, included in the distribution, should be ...\r\nTwitter-style Pagination \u2014 Django Endless Pagination 2.0 ...\r\ndjango-endless-pagination.readthedocs.io/en/latest/twitter_pagination.html", "posted_on": "2017-08-07T11:58:47.680Z", "image": "", "likes": [42]}}, {"model": "writers_block.block", "pk": 264, "fields": {"author": 42, "content": "Getting started \u2014 Django Endless Pagination 2.0 documentation\r\ndjango-endless-pagination.readthedocs.io/en/latest/start.html\r\nThe endless_pagination package, included in the distribution, should be ...\r\nTwitter-style Pagination \u2014 Django Endless Pagination 2.0 ...\r\ndjango-endless-pagination.readthedocs.io/en/latest/twitter_pagination.html", "posted_on": "2017-08-07T15:57:44.459Z", "image": "", "likes": []}}, {"model": "writers_block.block", "pk": 273, "fields": {"author": 49, "content": "Lol", "posted_on": "2017-08-09T04:34:00.499Z", "image": "", "likes": [42, 49]}}, {"model": "writers_block.block", "pk": 274, "fields": {"author": 49, "content": "sdfsdfsdf", "posted_on": "2017-08-09T06:03:38.209Z", "image": "", "likes": [42]}}, {"model": "writers_block.block", "pk": 286, "fields": {"author": 45, "content": "fsfsdsdf", "posted_on": "2017-08-09T12:15:40.881Z", "image": "", "likes": [42, 45]}}, {"model": "writers_block.comment", "pk": 153, "fields": {"user": 42, "block": 230, "rant": "lol", "posted_on": "2017-08-07T07:35:15.418Z"}}, {"model": "writers_block.comment", "pk": 161, "fields": {"user": 42, "block": 232, "rant": "dg", "posted_on": "2017-08-07T09:40:47.941Z"}}, {"model": "writers_block.comment", "pk": 162, "fields": {"user": 42, "block": 233, "rant": "df", "posted_on": "2017-08-07T09:40:57.184Z"}}, {"model": "writers_block.comment", "pk": 163, "fields": {"user": 42, "block": 230, "rant": "d", "posted_on": "2017-08-07T09:41:01.791Z"}}, {"model": "writers_block.comment", "pk": 164, "fields": {"user": 42, "block": 233, "rant": "lol", "posted_on": "2017-08-07T10:31:47.091Z"}}, {"model": "writers_block.comment", "pk": 172, "fields": {"user": 42, "block": 248, "rant": "asdds", "posted_on": "2017-08-08T06:27:01.170Z"}}, {"model": "writers_block.comment", "pk": 179, "fields": {"user": 42, "block": 232, "rant": "d", "posted_on": "2017-08-08T06:49:05.811Z"}}, {"model": "writers_block.comment", "pk": 181, "fields": {"user": 42, "block": 230, "rant": "df", "posted_on": "2017-08-08T07:00:27.009Z"}}, {"model": "writers_block.comment", "pk": 189, "fields": {"user": 42, "block": 230, "rant": "df", "posted_on": "2017-08-08T07:02:45.323Z"}}, {"model": "writers_block.comment", "pk": 190, "fields": {"user": 42, "block": 232, "rant": "dfdf", "posted_on": "2017-08-08T07:02:51.545Z"}}, {"model": "writers_block.comment", "pk": 194, "fields": {"user": 42, "block": 242, "rant": "df", "posted_on": "2017-08-08T07:22:01.810Z"}}, {"model": "writers_block.comment", "pk": 199, "fields": {"user": 42, "block": 232, "rant": "sd", "posted_on": "2017-08-08T07:22:26.060Z"}}, {"model": "writers_block.comment", "pk": 200, "fields": {"user": 42, "block": 264, "rant": "sds", "posted_on": "2017-08-08T07:22:31.965Z"}}, {"model": "writers_block.comment", "pk": 202, "fields": {"user": 42, "block": 240, "rant": "sd", "posted_on": "2017-08-08T07:22:58.835Z"}}, {"model": "writers_block.comment", "pk": 215, "fields": {"user": 42, "block": 240, "rant": "so?", "posted_on": "2017-08-08T17:51:17.400Z"}}, {"model": "writers_block.comment", "pk": 220, "fields": {"user": 42, "block": 286, "rant": "lol", "posted_on": "2017-08-09T12:28:11.506Z"}}, {"model": "writers_block.comment", "pk": 221, "fields": {"user": 42, "block": 274, "rant": "sd", "posted_on": "2017-08-09T12:29:28.727Z"}}, {"model": "writers_block.comment", "pk": 222, "fields": {"user": 42, "block": 286, "rant": "ssd", "posted_on": "2017-08-09T12:32:03.405Z"}}, {"model": "writers_block.comment", "pk": 223, "fields": {"user": 42, "block": 274, "rant": "lol", "posted_on": "2017-08-09T15:23:45.647Z"}}, {"model": "portfolio.piece", "pk": 76, "fields": {"author": 45, "title": "Lol", "public": false, "slug": "76-lol", "created_on": "2017-07-29T21:38:28.437Z", "content": "pieces/content/76.txt", "thumb": "pieces/piece_thumbs/donnie-darko.jpg", "views": 4, "visibility": true, "summary": "lol", "plikes": []}}, {"model": "portfolio.piece", "pk": 81, "fields": {"author": 45, "title": "Man", "public": false, "slug": "81-man", "created_on": "2017-08-04T11:12:06.687Z", "content": "pieces/content/81.txt", "thumb": "pieces/piece_thumbs/download_7IwJ1w8.jpg", "views": 2, "visibility": true, "summary": "lol", "plikes": []}}, {"model": "portfolio.piece", "pk": 84, "fields": {"author": 45, "title": "Owly", "public": false, "slug": "84-owly", "created_on": "2017-08-04T12:13:12.371Z", "content": "pieces/content/84.txt", "thumb": "pieces/piece_thumbs/download_1_DHDMTa5.jpg", "views": 169, "visibility": true, "summary": "lol", "plikes": []}}, {"model": "portfolio.piece", "pk": 85, "fields": {"author": 45, "title": "Sociology", "public": false, "slug": "85-sociology", "created_on": "2017-08-04T12:27:08.627Z", "content": "pieces/content/85.txt", "thumb": "pieces/piece_thumbs/download_fStqN4E.jpg", "views": 8, "visibility": true, "summary": "lol", "plikes": []}}, {"model": "portfolio.piece", "pk": 87, "fields": {"author": 45, "title": "That Day with The God", "public": false, "slug": "87-that-day-with-the-god", "created_on": "2017-08-04T12:39:40.487Z", "content": "pieces/content/87.txt", "thumb": "pieces/piece_thumbs/download_2.jpg", "views": 38, "visibility": true, "summary": "lol", "plikes": []}}, {"model": "portfolio.piece", "pk": 88, "fields": {"author": 45, "title": "The Black Tree", "public": false, "slug": "88-the-black-tree", "created_on": "2017-08-04T12:59:56.661Z", "content": "pieces/content/88.txt", "thumb": "pieces/piece_thumbs/download_3.jpg", "views": 40, "visibility": true, "summary": "lol", "plikes": []}}, {"model": "portfolio.piece", "pk": 89, "fields": {"author": 42, "title": "Lol Life", "public": false, "slug": "89-lol-life", "created_on": "2017-08-09T12:27:02.547Z", "content": "pieces/content/89.txt", "thumb": "pieces/piece_thumbs/None.pt_MvCqGUr.jpeg", "views": 2, "visibility": true, "summary": "lo", "plikes": []}}, {"model": "portfolio.piece", "pk": 90, "fields": {"author": 42, "title": "Ghosts of Vladmir", "public": false, "slug": "90-ghosts-of-vladmir", "created_on": "2017-08-09T14:28:52.220Z", "content": "pieces/content/90.txt", "thumb": "pieces/piece_thumbs/None.pt_T1PTWLk.jpeg", "views": 0, "visibility": true, "summary": "lo", "plikes": []}}, {"model": "portfolio.piece", "pk": 91, "fields": {"author": 42, "title": "God of iron", "public": false, "slug": "91-god-of-iron", "created_on": "2017-08-09T14:36:35.878Z", "content": "pieces/content/91_IGyz1fu.txt", "thumb": "pieces/piece_thumbs/None.pt_hMPAMtS.jpeg", "views": 0, "visibility": true, "summary": "A person gets bored of fighting dinosaurs and decides to fight ants instead", "plikes": []}}, {"model": "portfolio.piece", "pk": 92, "fields": {"author": 42, "title": "loki", "public": false, "slug": "92-loki", "created_on": "2017-08-09T14:41:05.272Z", "content": "pieces/content/92_4r7UYKJ.txt", "thumb": "pieces/piece_thumbs/None.pt_g6K9fOi.jpeg", "views": 8, "visibility": true, "summary": "hue, Hex, Rgb, Hsl. 0, #ff0000, rgb(255, 0, 0), hsl(0, 100%, 50%). 15, #ff4000, rgb(255, 64, 0), hsl(15, 100%, 50%). 30, #ff8000, rgb(255, 128, 0), hsl(30, 100%, ...", "plikes": []}}, {"model": "portfolio.pcomment", "pk": 14, "fields": {"user": 45, "piece": 76, "rant": "MAn", "posted_on": "2017-07-31T06:48:39.726Z"}}, {"model": "portfolio.pcomment", "pk": 15, "fields": {"user": 45, "piece": 76, "rant": "Don", "posted_on": "2017-07-31T06:48:42.440Z"}}, {"model": "portfolio.pcomment", "pk": 31, "fields": {"user": 42, "piece": 76, "rant": "Fuck this!", "posted_on": "2017-08-01T04:42:20.870Z"}}, {"model": "portfolio.pcomment", "pk": 32, "fields": {"user": 42, "piece": 76, "rant": "fuck this shit!", "posted_on": "2017-08-01T06:38:18.167Z"}}, {"model": "portfolio.pcomment", "pk": 33, "fields": {"user": 44, "piece": 76, "rant": "lol", "posted_on": "2017-08-01T12:58:25.930Z"}}, {"model": "portfolio.pcomment", "pk": 34, "fields": {"user": 45, "piece": 76, "rant": "lol", "posted_on": "2017-08-02T10:38:02.339Z"}}, {"model": "portfolio.pcomment", "pk": 35, "fields": {"user": 42, "piece": 76, "rant": "fdf", "posted_on": "2017-08-02T10:45:27.222Z"}}, {"model": "portfolio.pcomment", "pk": 37, "fields": {"user": 42, "piece": 84, "rant": "so?", "posted_on": "2017-08-08T05:42:42.013Z"}}, {"model": "portfolio.pcomment", "pk": 38, "fields": {"user": 42, "piece": 84, "rant": "That works", "posted_on": "2017-08-08T05:42:48.040Z"}}, {"model": "portfolio.pcomment", "pk": 39, "fields": {"user": 42, "piece": 88, "rant": "sdsd", "posted_on": "2017-08-08T07:25:27.585Z"}}, {"model": "portfolio.pcomment", "pk": 40, "fields": {"user": 42, "piece": 84, "rant": "sdfsd", "posted_on": "2017-08-08T09:09:16.833Z"}}, {"model": "portfolio.pcomment", "pk": 41, "fields": {"user": 42, "piece": 84, "rant": "If you wish, you can even set the horizontal and vertical buffer spaces using measurements in pixels. For example, the markup code for a 50-pixel buffer looks like this:\n\n<IMG SRC=\u201dBridge.jpg\u201d ALIGN=\u201dleft\u201d HSPA", "posted_on": "2017-08-08T18:03:13.331Z"}}, {"model": "social_django.usersocialauth", "pk": 8, "fields": {"user": 47, "provider": "twitter", "uid": "766948233700519936", "extra_data": "{\"id\": 766948233700519936, \"access_token\": {\"oauth_token\": \"766948233700519936-6YJngUIfnCS5sIOS5ZT9OQGDWdd7NII\", \"oauth_token_secret\": \"KwvexebZYj7wGcVk9VMEtqes4D81xKAIqkFjopYbtGQxD\", \"user_id\": \"766948233700519936\", \"x_auth_expires\": \"0\", \"screen_name\": \"DreamyVaish\"}, \"auth_time\": 1502197791}"}}, {"model": "notifications.notification", "pk": 52, "fields": {"from_user": 42, "to_user": 45, "at_time": "2017-08-01T04:42:21.304Z", "not_type": "P", "block": null, "piece": 76, "read": true}}, {"model": "notifications.notification", "pk": 60, "fields": {"from_user": 42, "to_user": 45, "at_time": "2017-08-01T06:38:18.745Z", "not_type": "R", "block": null, "piece": 76, "read": true}}, {"model": "notifications.notification", "pk": 71, "fields": {"from_user": 44, "to_user": 45, "at_time": "2017-08-01T12:58:26.005Z", "not_type": "R", "block": null, "piece": 76, "read": true}}, {"model": "notifications.notification", "pk": 96, "fields": {"from_user": 45, "to_user": 45, "at_time": "2017-08-02T10:38:02.419Z", "not_type": "R", "block": null, "piece": 76, "read": false}}, {"model": "notifications.notification", "pk": 98, "fields": {"from_user": 42, "to_user": 45, "at_time": "2017-08-02T10:45:27.343Z", "not_type": "R", "block": null, "piece": 76, "read": true}}, {"model": "notifications.notification", "pk": 154, "fields": {"from_user": 42, "to_user": 42, "at_time": "2017-08-07T07:35:15.751Z", "not_type": "C", "block": 230, "piece": null, "read": false}}, {"model": "notifications.notification", "pk": 162, "fields": {"from_user": 42, "to_user": 42, "at_time": "2017-08-07T09:40:48.017Z", "not_type": "C", "block": 232, "piece": null, "read": false}}, {"model": "notifications.notification", "pk": 163, "fields": {"from_user": 42, "to_user": 42, "at_time": "2017-08-07T09:40:57.337Z", "not_type": "C", "block": 233, "piece": null, "read": false}}, {"model": "notifications.notification", "pk": 164, "fields": {"from_user": 42, "to_user": 42, "at_time": "2017-08-07T09:41:01.868Z", "not_type": "C", "block": 230, "piece": null, "read": false}}, {"model": "notifications.notification", "pk": 165, "fields": {"from_user": 42, "to_user": 42, "at_time": "2017-08-07T10:31:47.170Z", "not_type": "C", "block": 233, "piece": null, "read": false}}, {"model": "notifications.notification", "pk": 166, "fields": {"from_user": 42, "to_user": 45, "at_time": "2017-08-08T05:42:42.131Z", "not_type": "R", "block": null, "piece": 84, "read": true}}, {"model": "notifications.notification", "pk": 167, "fields": {"from_user": 42, "to_user": 45, "at_time": "2017-08-08T05:42:48.142Z", "not_type": "R", "block": null, "piece": 84, "read": true}}, {"model": "notifications.notification", "pk": 175, "fields": {"from_user": 42, "to_user": 42, "at_time": "2017-08-08T06:27:01.284Z", "not_type": "C", "block": 248, "piece": null, "read": false}}, {"model": "notifications.notification", "pk": 182, "fields": {"from_user": 42, "to_user": 42, "at_time": "2017-08-08T06:49:05.905Z", "not_type": "C", "block": 232, "piece": null, "read": false}}, {"model": "notifications.notification", "pk": 184, "fields": {"from_user": 42, "to_user": 42, "at_time": "2017-08-08T07:00:27.445Z", "not_type": "C", "block": 230, "piece": null, "read": false}}, {"model": "notifications.notification", "pk": 192, "fields": {"from_user": 42, "to_user": 42, "at_time": "2017-08-08T07:02:45.436Z", "not_type": "C", "block": 230, "piece": null, "read": false}}, {"model": "notifications.notification", "pk": 193, "fields": {"from_user": 42, "to_user": 42, "at_time": "2017-08-08T07:02:51.637Z", "not_type": "C", "block": 232, "piece": null, "read": false}}, {"model": "notifications.notification", "pk": 197, "fields": {"from_user": 42, "to_user": 42, "at_time": "2017-08-08T07:22:01.931Z", "not_type": "C", "block": 242, "piece": null, "read": false}}, {"model": "notifications.notification", "pk": 202, "fields": {"from_user": 42, "to_user": 42, "at_time": "2017-08-08T07:22:26.165Z", "not_type": "C", "block": 232, "piece": null, "read": false}}, {"model": "notifications.notification", "pk": 203, "fields": {"from_user": 42, "to_user": 42, "at_time": "2017-08-08T07:22:32.087Z", "not_type": "C", "block": 264, "piece": null, "read": false}}, {"model": "notifications.notification", "pk": 205, "fields": {"from_user": 42, "to_user": 42, "at_time": "2017-08-08T07:22:58.956Z", "not_type": "C", "block": 240, "piece": null, "read": false}}, {"model": "notifications.notification", "pk": 206, "fields": {"from_user": 42, "to_user": 45, "at_time": "2017-08-08T07:25:27.714Z", "not_type": "R", "block": null, "piece": 88, "read": true}}, {"model": "notifications.notification", "pk": 211, "fields": {"from_user": 42, "to_user": 45, "at_time": "2017-08-08T09:09:16.934Z", "not_type": "R", "block": null, "piece": 84, "read": true}}, {"model": "notifications.notification", "pk": 220, "fields": {"from_user": 42, "to_user": 42, "at_time": "2017-08-08T17:51:17.477Z", "not_type": "C", "block": 240, "piece": null, "read": false}}, {"model": "notifications.notification", "pk": 221, "fields": {"from_user": 42, "to_user": 45, "at_time": "2017-08-08T18:03:13.400Z", "not_type": "R", "block": null, "piece": 84, "read": true}}, {"model": "notifications.notification", "pk": 232, "fields": {"from_user": 42, "to_user": 45, "at_time": "2017-08-09T12:28:11.604Z", "not_type": "C", "block": 286, "piece": null, "read": false}}, {"model": "notifications.notification", "pk": 233, "fields": {"from_user": 42, "to_user": 49, "at_time": "2017-08-09T12:29:29.107Z", "not_type": "C", "block": 274, "piece": null, "read": false}}, {"model": "notifications.notification", "pk": 234, "fields": {"from_user": 42, "to_user": 45, "at_time": "2017-08-09T12:32:03.532Z", "not_type": "C", "block": 286, "piece": null, "read": false}}, {"model": "notifications.notification", "pk": 238, "fields": {"from_user": 42, "to_user": 49, "at_time": "2017-08-09T15:23:35.337Z", "not_type": "L", "block": 274, "piece": null, "read": false}}, {"model": "notifications.notification", "pk": 239, "fields": {"from_user": 42, "to_user": 49, "at_time": "2017-08-09T15:23:37.392Z", "not_type": "L", "block": 273, "piece": null, "read": false}}, {"model": "notifications.notification", "pk": 240, "fields": {"from_user": 42, "to_user": 49, "at_time": "2017-08-09T15:23:45.771Z", "not_type": "C", "block": 274, "piece": null, "read": false}}, {"model": "notifications.notification", "pk": 241, "fields": {"from_user": 42, "to_user": 45, "at_time": "2017-08-09T15:30:58.367Z", "not_type": "L", "block": 286, "piece": null, "read": false}}, {"model": "admin.logentry", "pk": 185, "fields": {"action_time": "2017-07-28T17:14:41.738Z", "user": 42, "content_type": 15, "object_id": "41", "object_repr": "DreamyVaish", "action_flag": 3, "change_message": ""}}, {"model": "admin.logentry", "pk": 186, "fields": {"action_time": "2017-07-28T17:14:41.841Z", "user": 42, "content_type": 15, "object_id": "40", "object_repr": "man", "action_flag": 3, "change_message": ""}}, {"model": "admin.logentry", "pk": 187, "fields": {"action_time": "2017-07-28T17:15:45.759Z", "user": 42, "content_type": 20, "object_id": "198", "object_repr": "Block 198", "action_flag": 3, "change_message": ""}}, {"model": "admin.logentry", "pk": 188, "fields": {"action_time": "2017-08-04T13:16:45.910Z", "user": 42, "content_type": 23, "object_id": "91", "object_repr": "Piece That River of Dreams", "action_flag": 3, "change_message": ""}}, {"model": "admin.logentry", "pk": 189, "fields": {"action_time": "2017-08-04T13:16:45.999Z", "user": 42, "content_type": 23, "object_id": "90", "object_repr": "Piece That River of Dreams", "action_flag": 3, "change_message": ""}}, {"model": "admin.logentry", "pk": 190, "fields": {"action_time": "2017-08-04T13:16:46.054Z", "user": 42, "content_type": 23, "object_id": "89", "object_repr": "Piece That River of Dreams", "action_flag": 3, "change_message": ""}}, {"model": "admin.logentry", "pk": 191, "fields": {"action_time": "2017-08-07T06:22:07.765Z", "user": 42, "content_type": 20, "object_id": "229", "object_repr": "Block 229", "action_flag": 3, "change_message": ""}}, {"model": "admin.logentry", "pk": 192, "fields": {"action_time": "2017-08-07T11:27:16.242Z", "user": 42, "content_type": 20, "object_id": "244", "object_repr": "Block 244", "action_flag": 3, "change_message": ""}}, {"model": "admin.logentry", "pk": 193, "fields": {"action_time": "2017-08-07T11:27:59.608Z", "user": 42, "content_type": 20, "object_id": "245", "object_repr": "Block 245", "action_flag": 3, "change_message": ""}}, {"model": "admin.logentry", "pk": 194, "fields": {"action_time": "2017-08-07T11:33:21.330Z", "user": 42, "content_type": 20, "object_id": "243", "object_repr": "Block 243", "action_flag": 3, "change_message": ""}}, {"model": "admin.logentry", "pk": 195, "fields": {"action_time": "2017-08-07T11:33:36.981Z", "user": 42, "content_type": 20, "object_id": "246", "object_repr": "Block 246", "action_flag": 3, "change_message": ""}}, {"model": "admin.logentry", "pk": 196, "fields": {"action_time": "2017-08-07T11:36:22.148Z", "user": 42, "content_type": 20, "object_id": "247", "object_repr": "Block 247", "action_flag": 3, "change_message": ""}}, {"model": "admin.logentry", "pk": 197, "fields": {"action_time": "2017-08-07T11:38:05.715Z", "user": 42, "content_type": 20, "object_id": "249", "object_repr": "Block 249", "action_flag": 3, "change_message": ""}}, {"model": "admin.logentry", "pk": 198, "fields": {"action_time": "2017-08-07T11:58:27.935Z", "user": 42, "content_type": 20, "object_id": "250", "object_repr": "Block 250", "action_flag": 3, "change_message": ""}}, {"model": "admin.logentry", "pk": 199, "fields": {"action_time": "2017-08-07T12:32:08.455Z", "user": 42, "content_type": 20, "object_id": "258", "object_repr": "Block 258", "action_flag": 3, "change_message": ""}}, {"model": "admin.logentry", "pk": 200, "fields": {"action_time": "2017-08-08T13:28:38.962Z", "user": 42, "content_type": 23, "object_id": "83", "object_repr": "Piece Nebula", "action_flag": 3, "change_message": ""}}, {"model": "auth_app.profile", "pk": 42, "fields": {"user": 42, "me": "me", "avatar": "avatars/42.jpeg", "thumbnail": "thumbnails/42.thumb.jpeg", "following": []}}, {"model": "auth_app.profile", "pk": 43, "fields": {"user": 43, "me": "Lol", "avatar": "avatars/43.jpeg", "thumbnail": "thumbnails/43.thumb.jpeg", "following": []}}, {"model": "auth_app.profile", "pk": 44, "fields": {"user": 44, "me": "sdfsdfsdfsdfsdf", "avatar": "avatars/44.jpeg", "thumbnail": "thumbnails/44.thumb.jpeg", "following": []}}, {"model": "auth_app.profile", "pk": 45, "fields": {"user": 45, "me": "Lol Lo Lol Lo Lol", "avatar": "avatars/45.jpeg", "thumbnail": "thumbnails/45.thumb.jpeg", "following": [42]}}, {"model": "auth_app.profile", "pk": 46, "fields": {"user": 46, "me": null, "avatar": "", "thumbnail": "", "following": []}}, {"model": "auth_app.profile", "pk": 47, "fields": {"user": 47, "me": null, "avatar": "", "thumbnail": "", "following": []}}, {"model": "auth_app.profile", "pk": 48, "fields": {"user": 48, "me": null, "avatar": "", "thumbnail": "", "following": []}}, {"model": "auth_app.profile", "pk": 49, "fields": {"user": 49, "me": "Lol", "avatar": "", "thumbnail": "", "following": []}}]